99-tea-house-fremont-2,99% Tea House,4.5,3623 Thornton Ave,Fremont
one-tea-fremont-2,One Tea,4.5,46809 Warm Springs Blvd,Fremont
royaltea-usa-fremont,Royaltea USA,4,38509 Fremont Blvd,Fremont
teco-tea-and-coffee-bar-fremont,TECO Tea & Coffee Bar,4.5,39030 Paseo Padre Pkwy,Fremont
t-lab-fremont-3,T-LAB,4,34133 Fremont Blvd,Fremont
q-tea-monster-newark,Q-Tea Monster,4,39181 Cedar Blvd,Newark
gong-cha-fremont,Gong Cha,4,46827 Warm Springs Blvd,Fremont
happy-lemon-fremont-2,Happy Lemon,4.5,46873 Warm Spring Blvd,Fremont
factory-tea-bar-fremont-2,Factory Tea Bar,3.5,46461 Mission Blvd,Fremont
super-cue-cafe-fremont,Super Cue Cafe,3.5,43743 Boscell Rd,Fremont
milk-and-honey-cafe-fremont,Milk and Honey Cafe,3.5,34265 Fremont Blvd,Fremont
tea-island-fremont-2,Tea Island,4,46196 Warm Springs Blvd,Fremont
taro-taro-dessert-and-tea-house-fremont,Taro Taro Dessert & Tea House,3.5,6018 Stevenson Blvd,Fremont
i-tea-fremont-2,i-Tea,3.5,43421 Christy St,Fremont
i-tea-newark,i-Tea,4,34925 Newark Blvd,Newark
sharetea-fremont-2,Sharetea,4,3948 Washington Blvd,Fremont
urbain-tea-fremont,uRbain tea,3.5,1590 Washington Blvd,Fremont
mandro-teahouse-newark-3,MandRo Teahouse,4,34956 Newark Blvd,Newark
gong-cha-newark,Gong Cha,4,39730 Cedar Blvd,Newark
tea-six-fremont-2,Tea Six,3.5,34460 Fremont Blvd,Fremont
tata-teahouse-fremont-2,Tata Teahouse,3,39230 Argonaut Way,Fremont
tea-station-newark,Tea Station,3.5,39115 Cedar Blvd,Newark
sno-crave-tea-house-fremont,Sno-Crave Tea House,3,43773 Boscell Rd,Fremont
boba-queen-fremont,Boba Queen,3.5,34420 Fremont Blvd,Fremont
t4-tea-fremont-2,T4 Tea,3.5,43430 Mission Blvd,Fremont
boba-fitt-drinks-union-city,Boba Fitt Drinks,3.5,31877 Alvarado Blvd,Union City
sweet-home-cafe-fremont-2,Sweet Home Cafe,3.5,6068 Stevenson Blvd,Fremont
tea-era-mountain-view-2,Tea Era,4,271 Castro St,Mountain View
teaspoon-los-altos,Teaspoon,4,4546 El Camino Real,Los Altos
t4-fremont-8,T4,3.5,46132 Warm Springs Blvd,Fremont
my-delights-fremont,My Delights,4,43486 Ellsworth St,Fremont
t4-fremont-3,T4,3,36400 Fremont Blvd,Fremont
sno-crave-teahouse-union-city,Sno-Crave Teahouse,4,1788 Decoto Rd,Union City
sharetea-union-city-3,Sharetea,3.5,34391 Alvarado Niles Rd,Union City
tastea-san-jose-2,Tastea,4,1160 N Capitol Ave,San Jose
i-tea-castro-valley,i-Tea,4,20666 Redwood Rd,Castro Valley
caface-newark-2,CaFace,3.5,6180 Jarvis Ave,Newark
tea-villa-milpitas,Tea Villa,4,1679 N Milpitas Blvd,Milpitas
mr-green-bubble-union-city,Mr Green Bubble,3.5,1644 Decoto Rd,Union City
pop-tea-bar-palo-alto-2,Pop Tea Bar,4,456 Cambridge Ave,Palo Alto
i-tea-milpitas,i-Tea,4,760 E Calaveras Blvd,Milpitas
joy-4-tea-union-city,Joy 4 Tea,3.5,32148 Alvarado Blvd,Union City
sweet-coco-fremont-3,Sweet CoCo,4,46164 Warm Springs Blvd,Fremont
icy-blue-fremont,Icy Blue,3.5,43360 Mission Blvd,Fremont
teatop-milpitas,TeaTop,4.5,82 Ranch Dr,Milpitas
ten-ren-tea-co-of-milpitas-milpitas,Ten Ren Tea Co of Milpitas,4.5,1732 N Milpitas Blvd,Milpitas
fantasia-coffee-and-tea-milpitas-2,Fantasia Coffee & Tea,4,528 Barber Ln,Milpitas
tapioca-express-union-city-2,Tapioca Express,3.5,1707 Decoto Rd,Union City
gong-cha-palo-alto,Gong Cha,4,439 Waverley St,Palo Alto
sharetea-san-leandro-3,Sharetea,4,699 Lewelling Blvd,San Leandro
boba-guys-san-francisco-6,Boba Guys,4,429 Stockton St,San Francisco
boba-guys-san-francisco-4,Boba Guys,4,3491 19th St,San Francisco
wonderful-dessert-and-cafe-san-francisco-2,Wonderful Dessert & Cafe,4,2035 Irving St,San Francisco
little-sweet-san-francisco-10,Little Sweet,4,3836 Geary Blvd,San Francisco
teaspoon-san-francisco,Teaspoon,4,2125 Polk St,San Francisco
boba-guys-san-francisco-10,Boba Guys,4,1522 Fillmore St,San Francisco
i-tea-san-francisco-3,i-Tea,4.5,253 Kearny St,San Francisco
boba-guys-san-francisco-7,Boba Guys,4,8 Octavia St,San Francisco
plentea-san-francisco-san-francisco,Plentea - San Francisco,3.5,341 Kearny St,San Francisco
steap-tea-bar-san-francisco-3,Steap Tea Bar,4.5,827 Sacramento St,San Francisco
purple-kow-san-francisco-2,Purple Kow,3.5,3620 Balboa St,San Francisco
omg-tea-san-francisco,OMG Tea,4.5,2891 San Bruno Ave,San Francisco
asha-tea-house-san-francisco,Asha Tea House,4,17 Kearny St,San Francisco
super-cue-cafe-san-francisco,Super Cue Cafe,4,1139 Taraval St,San Francisco
boba-guys-san-francisco-15,Boba Guys,4,1002 16th St,San Francisco
infinitea-san-francisco,InfiniTea,4,5351 Geary Blvd,San Francisco
steep-san-francisco-2,STEEP,4,240 Ritch St,San Francisco
mr-t-cafe-san-francisco,Mr. T Cafe,4,4689 Mission St,San Francisco
tpumps-san-francisco,Tpumps,3.5,1916 Irving St,San Francisco
tj-cups-san-francisco-5,TJ Cups,4,2437 Noriega St,San Francisco
wondertea-san-francisco-4,Wondertea,4.5,2250 Irving St,San Francisco
the-boba-shop-san-francisco-4,The Boba Shop,4.5,2071 3rd St,San Francisco
steep-creamery-and-tea-san-francisco,STEEP Creamery & Tea,4,270 Brannan St,San Francisco
bubblecup-san-francisco-2,Bubblecup,3.5,1900 Clement St,San Francisco
sweet-a-little-san-francisco-12,Sweet A Little,4.5,,San Francisco
tea-hut-san-francisco-2,Tea Hut,4.5,2815 California St,San Francisco
i-tea-san-francisco-2,i-Tea,3.5,2150 Irving St,San Francisco
tancca-san-francisco-3,Tancca,4.5,5015 Geary Blvd,San Francisco
sharetea-san-francisco-3,Sharetea,3.5,135 4th St,San Francisco
mi-tea-san-francisco,Mi-Tea,3.5,645 Irving St,San Francisco
bb-tea-station-san-francisco-3,BB Tea Station,3.5,1314 Noriega St,San Francisco
tea-fm-san-francisco-3,Tea FM,3.5,1353 Taraval St,San Francisco
keep-it-san-francisco-6,Keep it,4.5,1170 Powell St,San Francisco
mr-and-mrs-tea-house-san-francisco,Mr & Mrs Tea House,3.5,544 Clement,San Francisco
e-tea-san-francisco,E Tea,3.5,5344 Geary Blvd,San Francisco
gosu-san-francisco,Gosu,3.5,1014 Clement St,San Francisco
homeplate-boba-san-francisco,Homeplate Boba,4,131-155 King St,San Francisco
cuppa-san-francisco,Cuppa,3.5,2810 Diamond St,San Francisco
super-cue-cafe-san-francisco-2,Super Cue Cafe,3.5,1330 Ocean Ave,San Francisco
puppy-bobar-san-francisco,Puppy Bobar,5,1142 Grant Ave,San Francisco
cool-tea-bar-san-francisco-4,Cool Tea Bar,3.5,103 Waverly Pl,San Francisco
little-heaven-deli-san-francisco,Little Heaven Deli,4.5,2348 Mission St,San Francisco
5-sweets-san-francisco,5 Sweets,4.5,1125 Ocean Ave 102,San Francisco
good-earth-cafe-san-francisco-2,Good Earth Cafe,4.5,835 Kearny St,San Francisco
sweethut-san-francisco,Sweethut,3.5,519 Clement St,San Francisco
frostea-daly-city-2,FrosTea,3.5,6178 Mission St,Daly City
teaone-san-francisco-5,Teaone,3.5,5336 Geary Blvd,San Francisco
fifty-fifty-coffee-and-tea-san-francisco,Fifty / Fifty Coffee and Tea,4,3157 Geary Blvd,San Francisco
honey-creme-and-tea-san-francisco,Honey Creme &Tea,3.5,839 Irving St,San Francisco
bambu-san-francisco-3,BAMBU,4,6050 Geary Blvd,San Francisco
i-tea-oakland,i-Tea,4,388 9th St,Oakland
mr-green-bubble-oakland,Mr Green Bubble,3.5,4299 Piedmont Ave,Oakland
t-and-bowl-oakland,T&Bowl,4,901 Franklin St,Oakland
u-cha-berkeley,U Cha,4,2199 Bancroft Way,Berkeley
the-sweet-booth-oakland,The Sweet Booth,4,388 9th St,Oakland
asha-tea-house-berkeley,Asha Tea House,4,2086 University Ave,Berkeley
i-tea-alameda,i-Tea,4,1626 Park St,Alameda
t4-oakland,T4,3,1068 Webster St,Oakland
wing-man-oakland-3,Wing Man,4,5295 College Ave,Oakland
sharetea-berkeley,Sharetea,4,2440 Bancroft Way,Berkeley
happy-lemon-berkeley-berkeley,Happy Lemon Berkeley,4,2106 Shattuck Ave,Berkeley
milk-tea-lab-pleasant-hill,Milk Tea Lab,4,1972 Contra Costa Blvd,Pleasant Hill
boba-ninja-berkeley,Boba Ninja,4,2519B Durant Ave,Berkeley
sharetea-alameda-4,Sharetea,3.5,2670 5th St,Alameda
purple-kow-berkeley-2,Purple Kow,3.5,2164 Center St,Berkeley
teaway-alameda,Teaway,3.5,2402 Central Ave,Alameda
i-tea-walnut-creek-3,i-Tea,4,1245 N Broadway,Walnut Creek
sweetheart-cafe-oakland,Sweetheart Cafe,3.5,315 9th St,Oakland
gelato-firenze-and-qtea-bar-oakland,Gelato Firenze and QTea Bar,4,478 Lake Park Ave,Oakland
tea-delight-alameda-2,Tea Delight,4,650 Central Ave,Alameda
quickly-oakland-4,Quickly,4.5,1243 33rd Ave,Oakland
i-tea-san-leandro-2,i-Tea,4,177 Pelton Ctr Way,San Leandro
50-tea-oakland,50 Tea,3.5,1004 Webster St,Oakland
tea-press-berkeley-2,Tea Press,4,2552 Bancroft Way,Berkeley
taiwan-bento-oakland-4,Taiwan Bento,4,412 22nd St,Oakland
u-tea-cafe-oakland,U Tea Cafe,3,1728 A Franklin St,Oakland
t4-alameda-2,T4,3.5,1431 A Park St,Alameda
teazzert-alameda,Teazzert,3.5,1342 Park St,Alameda
qteabar-oakland,QTeaBar,5,478 Lake Park Ave,Oakland
the-burrow-brisbane-4,The Burrow,4.5,109 Visitacion,Brisbane
sweet-belly-oakland,Sweet Belly,4.5,435 19th St,Oakland
sancha-bar-oakland-3,Sancha Bar,2.5,251 9th St,Oakland
alice-street-bakery-café-oakland-2,Alice Street Bakery Café,4.5,251 10th St,Oakland
t4-san-leandro,T4,3.5,1443 E 14th St,San Leandro
quickly-oakland-5,Quickly,3.5,3306 Lakeshore Ave,Oakland
bubble-tea-share-time-berkeley,Bubble Tea Share Time,4,1938 Shattuck Ave,Berkeley
shooting-star-cafe-oakland,Shooting Star Cafe,3.5,1022 Webster St,Oakland
pekoe-san-jose,Pekoe,4,3276 S White Rd,San Jose
tea-lyfe-drinks-san-jose-3,Tea Lyfe Drinks,4,989 Story Rd,San Jose
teahee-san-jose,Teahee,4,979 Story Rd,San Jose
boba-pub-san-jose,Boba Pub,4,1576 Branham Ln,San Jose
teaspoon-san-jose-2,Teaspoon,4,4328 Moorpark Ave,San Jose
passion-t-snacks-and-desserts-san-jose,Passion-T Snacks and Desserts,4,2266 Senter Rd,San Jose
pop-up-tea-coffee-and-snacks-san-jose,"Pop Up Tea Coffee & Snacks",4,185 Branham Ln,San Jose
happy-lemon-san-jose-5,Happy Lemon,4.5,3005 Silver Creek Rd,San Jose
boba-bar-san-jose-3,Boba Bar,3.5,310 S 3rd St,San Jose
sinceretea-san-jose-2,Sinceretea,4,392 E Taylor St,San Jose
bobateani-san-jose,Bobateani,5,75 E Santa Clara St,San Jose
soyful-desserts-san-jose-2,Soyful Desserts,4,999 Story Rd,San Jose
one-tea-san-jose-4,One Tea,4,231 E Santa Clara St,San Jose
i-tea-san-jose,i-Tea,4,2936 Aborn Square Rd,San Jose
the-tea-zone-and-fruit-bar-san-jose,The Tea Zone & Fruit Bar,3.5,980 S Winchester Blvd,San Jose
createave-cafe-san-jose-4,Createave Cafe,4,1698 Hostetter Rd,San Jose
tleaf-teapresso-san-jose-3,Tleaf Teapresso,4,860 Blossom Hill Rd,San Jose
katea-san-jose,Katea,4.5,5700 Village Oaks Dr,San Jose
teatop-san-jose-2,TeaTop,4,6158 Bollinger Rd,San Jose
bubbly-san-jose-4,Bubbly,4,1816 Tully Rd,San Jose
vampire-penguin-featuring-jastea-san-jose,Vampire Penguin featuring Jastea,4,2671 Cropley Ave,San Jose
simply-boba-san-jose,Simply Boba,4,3005 Silver Creek Rd,San Jose
happy-lemon-cupertino,Happy Lemon,4.5,20488 Stevens Creek Blvd,Cupertino
amor-cafe-and-tea-san-jose,Amor Cafe and Tea,4,110 E San Fernando St,San Jose
shincha-tea-san-jose-3,Shincha Tea,4,2487 Alvin Ave,San Jose
sharetea-santa-clara-3,Sharetea,4,1171 Homestead Rd,Santa Clara
chatime-san-jose-san-jose-3,ChaTime San Jose,4,311 N Capitol Ave,San Jose
pure-tea-bar-san-jose,Pure Tea Bar,3.5,6195 Santa Teresa Blvd,San Jose
t-spot-boba-drinks-and-snacks-san-jose,T Spot Boba Drinks & Snacks,4,2520 Berryessa Rd,San Jose
meow-tea-san-jose,Meow Tea,4,2857 Senter Rd,San Jose
fantasia-coffee-and-tea-san-jose-4,Fantasia Coffee & Tea,3.5,378 Santana Row,San Jose
monster-boba-cupertino-3,Monster Boba,3.5,10787 S Blaney Ave,Cupertino
teasociety-san-jose,Teasociety,3.5,1658 E Capitol Expy,San Jose
bfresh-snacks-and-drinks-san-jose,BFresh Snacks & Drinks,4,3005 Silver Creek Rd,San Jose
beibay-tea-san-jose,BeiBay Tea,4,1180 Blossom Hill Rd,San Jose
gong-cha-san-jose-19,Gong Cha,3.5,1701 Lundy Ave,San Jose
sweet-gelato-tea-lounge-san-jose,Sweet Gelato Tea Lounge,4.5,979 Story Rd,San Jose
sharetea-san-jose-3,Sharetea,3.5,1728 Hostetter Rd,San Jose
gong-cha-san-jose-8,Gong Cha,3.5,1600 Saratoga Ave,San Jose
soyful-desserts-san-jose-8,Soyful Desserts,4,3005 Silver Creek Rd,San Jose
oooh-san-jose-4,Oooh,4,1783 E Capitol Expwy,San Jose
the-tea-zone-lounge-san-jose,The Tea Zone Lounge,4,403 N Capitol Ave,San Jose
the-moo-bar-santa-clara,The Moo Bar,3.5,1080 Kiely Blvd,Santa Clara
tapioca-express-san-jose-8,Tapioca Express,4,81 Curtner Ave,San Jose
purple-kow-san-jose-4,Purple Kow,3.5,2435 S King Rd,San Jose
heritage-eats-napa,Heritage Eats,4.5,3824 Bel Aire Plz,Napa
yobelle-napa-2,YoBelle,3.5,1000 Main St,Napa
morimoto-napa-napa,Morimoto Napa,4,610 Main St,Napa
napa-noodles-napa,Napa Noodles,3,1124 1st St,Napa
crave-cafe-and-catering-american-canyon,Crave Cafe & Catering,3.5,3419 Broadway St,American Canyon
quickly-american-canyon-3,Quickly,2.5,410 Napa Junction Rd,American Canyon
top-that-frozen-yogurt-sonoma,Top That Frozen Yogurt,3.5,531 Broadway Ave,Sonoma
over-the-top-shop-frozen-yogurt-american-canyon,Over The Top Shop Frozen Yogurt,2.5,5075 Main St,American Canyon
sushi-grill-vallejo,Sushi Grill,4,5184 Sonoma Blvd,Vallejo
palm-thai-bistro-fairfield,Palm Thai Bistro,4.5,5089 Business Center Dr,Fairfield
green-bamboo-restaurant-fairfield,Green Bamboo Restaurant,3.5,4437 Central Pl,Fairfield
thai-kitchen-american-canyon,Thai Kitchen,3.5,3425 Broadway St,American Canyon
sactomofo-sacramento-6,SactoMofo,3.5,,Sacramento
westea-pleasanton,Westea,4,4233 Rosewood Dr,Pleasanton
baotea-cafe-pleasanton-2,BaoTea Cafe,4.5,6654 Koll Center Pkwy,Pleasanton
i-tea-dublin-dublin,i-Tea - Dublin,4,4064 Grafton St,Dublin
aroma-tapioca-tea-and-coffee-pleasanton,Aroma Tapioca Tea & Coffee,3.5,4833 Hopyard Rd,Pleasanton
i-tea-pleasanton,i-Tea,4,915 Main St,Pleasanton
t4-dublin,T4,3.5,3744 Fallon Rd,Dublin
tea-factory-dublin-2,Tea Factory,4,8945 San Ramon Rd,Dublin
icicles-pleasanton,ICICLES,4,600 Main St,Pleasanton
sharetea-dublin-3,Sharetea,4,7375 Amador Valley Blvd,Dublin
cafe-tapioca-dublin,Cafe Tapioca,3.5,7160 Regional St,Dublin
quickly-pleasanton,Quickly,3.5,1 Stoneridge Mall Rd,Pleasanton
letea-pleasanton-2,LeTea,2.5,4299 Rosewood Dr,Pleasanton
tea-breeze-pleasanton,Tea Breeze,3,4275 Rosewood Dr,Pleasanton
360-crepes-pleasanton-3,360 Crepes,4,3120 Santa Rita Rd,Pleasanton
t4-san-ramon-2,T4,3.5,9140 Alcosta Blvd,San Ramon
i-tea-san-ramon-3,i-Tea,4,21001 San Ramon Valley Blvd,San Ramon
snowflake-dublin,Snowflake,3.5,4288 Dublin Blvd,Dublin
quickly-dublin,Quickly,2.5,4288 Dublin Blvd,Dublin
cafe-taiwan-pleasanton-9,Cafe Taiwan,4,3550 Stanley Blvd,Pleasanton
cafe-junction-pleasanton-3,Cafe Junction,4,5321 Hopyard Rd,Pleasanton
o-honey-dublin,O'Honey,4,3862 Fallon Rd,Dublin
the-mix-creamery-dublin-2,The Mix Creamery,4,6601 Dublin Blvd,Dublin
tasty-pot-dublin,Tasty Pot,4,4288 Dublin Blvd,Dublin
ohana-hawaiian-bbq-of-pleasanton-pleasanton,Ohana Hawaiian BBQ of Pleasanton,3,5410 Sunol Blvd,Pleasanton
99-ranch-market-pleasanton,99 Ranch Market,3.5,4299 Rosewood Dr,Pleasanton
menchies-frozen-yogurt-dublin,Menchie's  Frozen Yogurt,4,3742 Fallon Rd,Dublin
blossom-bee-dublin,Blossom Bee,4,7335 Village Pkwy,Dublin
berry-delight-pleasanton,Berry Delight,3,1008 Stoneridge Mall Rd,Pleasanton
new-thai-bistro-pleasanton-2,New Thai Bistro,4.5,4301 D Valley Ave,Pleasanton
tutti-frutti-frozen-yogurt-dublin,Tutti Frutti Frozen Yogurt,3,4930 Dublin Blvd,Dublin
kee-wah-bakery-dublin,Kee Wah Bakery,4,4288 Dublin Blvd,Dublin
blush-organic-frozen-yogurt-dublin,Blush Organic Frozen Yogurt,4,4640 Tassajara Rd,Dublin
koi-palace-dublin,Koi Palace,3.5,Ulferts Ctr,Dublin
berry-and-berry-yogurt-livermore,Berry & Berry Yogurt,2.5,2774 Livermore Outlets Dr,Livermore
pho-saigon-city-pleasanton,Pho Saigon City,3,4275 Rosewood Dr,Pleasanton
yogurtland-dublin,Yogurtland,4,6851 Amador Plz Rd,Dublin
lees-sandwiches-dublin-2,Lee's Sandwiches,3.5,4101 Dublin Blvd,Dublin
osaka-ramen-dublin,Osaka Ramen,3,4288 Dublin Blvd,Dublin
pho-99-dublin-5,Pho 99,4,7459 Amador Valley Blvd,Dublin
tandoori-pizza-dublin,Tandoori Pizza,4,4060 Grafton St,Dublin
halu-shabu-shabu-dublin,Halu Shabu Shabu,3,4288 Dublin Blvd,Dublin
amakara-dublin,Amakara,4,7222 Regional St,Dublin
pho-saigon-garden-dublin,Pho Saigon Garden,3.5,7265 Regional St,Dublin
pho-saigon-noodle-house-san-ramon,Pho Saigon Noodle House,3.5,9150 Alcosta Blvd,San Ramon
85-c-bakery-cafe-newark,85°C Bakery Cafe,3.5,35201 Newark Blvd,Newark
blackball-desserts-union-city-union-city,BlackBall Desserts-Union City,3.5,34563 Alvarado Niles Rd,Union City
tasty-pot-newark,Tasty Pot,4,34909 Newark Blvd,Newark
icicles-newark,ICICLES,4,39055 Cedar Blvd,Newark
che-lo-union-city-2,Che-Lo,4.5,1767 Decoto Blvd,Union City
fusion-mix-frozen-yogurt-fremont-2,Fusion Mix Frozen Yogurt,4.5,4144 Walnut Ave,Fremont
crepe-bar-newark,Crepe Bar,4,2078 Newpark Mall,Newark
q-cup-fremont,Q Cup,3,39129 Fremont Blvd,Fremont
bambu-newark-2,BAMBU,3.5,6058 Mowry Ave,Newark
bambu-union-city-2,BAMBU,3.5,31812-31822 Alvarado Blvd,Union City
storm-crepes-newark,Storm Crepes,4.5,39658 Cedar Blvd,Newark
sweet-orchid-fremont,Sweet Orchid,4.5,34460 Fremont Blvd,Fremont
jenjons-cafe-union-city,Jenjon's Cafe,4,1704 Decoto Rd,Union City
k-pop-cafe-fremont,K-Pop Cafe,4,35041 Fremont Blvd,Fremont
milkcow-fremont-2,Milkcow,3.5,5657 Auto Mall Pkwy,Fremont
boba-guys-san-carlos-2,Boba Guys,4,872 Laurel St,San Carlos
teaquation-redwood-city,Teaquation,4.5,1036 El Camino Real,Redwood City
t4-hayward-3,T4,3.5,1033 B St,Hayward
sweet-spot-castro-valley,Sweet Spot,4.5,20669 Santa Maria Ave,Castro Valley
teaster-hayward-2,Teaster,3.5,410 W A St,Hayward
sharetea-palo-alto-2,Sharetea,4,540 Bryant St,Palo Alto
chatime-redwood-city-2,Chatime,4,2202 Broadway St,Redwood City
eko-coffee-bar-and-tea-house-hayward,Eko Coffee Bar & Tea House,4,1075 B St,Hayward
tea-era-cupertino,Tea Era,4,20916 Homestead Rd,Cupertino
fantasia-coffee-and-tea-cupertino,Fantasia Coffee & Tea,4,10933 N Wolfe Rd,Cupertino
tpumps-cupertino,Tpumps,3.5,19959 Stevens Creek Blvd,Cupertino
super-cue-cafe-cupertino,Super Cue Cafe,3.5,19620 Stevens Creek Blvd,Cupertino
happy-lemon-cupertino-5,Happy Lemon,4.5,10963 N Wolfe Rd,Cupertino
ten-ren-tea-cupertino,Ten Ren Tea,4,10881 N Wolfe Rd,Cupertino
meet-fresh-cupertino,Meet Fresh,3,19449 Stevens Creek Blvd,Cupertino
hechaa-cupertino-4,Hechaa,3.5,10619 S De Anza Blvd,Cupertino
calibear-cyber-cafe-sunnyvale-6,Calibear Cyber Cafe,4.5,1336 S Mary Ave,Sunnyvale
happy-lemon-sunnyvale-2,Happy Lemon,4.5,605 E El Camino Real,Sunnyvale
what8ver-express-cupertino-2,What8ver Express,3.5,10118 Bandley Dr,Cupertino
gong-cha-sunnyvale,Gong Cha,4.5,1641 Hollenbeck Ave,Sunnyvale
cafe-lattea-cupertino,Cafe LaTTea,3.5,19501 Stevens Creek Blvd,Cupertino
t4-cupertino-cupertino,T4 Cupertino,4,19505 Stevens Creek Blvd,Cupertino
sharetea-sunnyvale-3,Sharetea,4,568 El Camino Real,Sunnyvale
tea-chansii-cupertino,Tea Chansii,3,19449 Stevens Creek Blvd,Cupertino
verde-tea-house-cupertino-2,Verde Tea House,3.5,10477 S De Anza Blvd,Cupertino
bubble-tea-time-saratoga,Bubble Tea Time,4,18564 Prospect Rd,Saratoga
the-tea-zone-and-fruit-bar-mountain-view,The Tea Zone & Fruit Bar,4.5,805 El Camino Real,Mountain View
teaspoon-santa-clara-7,Teaspoon,4,3450 El Camino Real,Santa Clara
beastea-santa-clara,Beastea,4,2785 El Camino Real,Santa Clara
teaspoon-mountain-view,Teaspoon,3.5,236 Castro St,Mountain View
tea-annie-mountain-view,Tea Annie,4,1712 Miramonte Ave,Mountain View
verde-tea-cafe-mountain-view,Verde Tea Cafe,3.5,852 Villa St,Mountain View
teafans-sunnyvale,TeaFans,3.5,927 E Arques Ave,Sunnyvale
85-c-bakery-cafe-san-jose-5,85°C Bakery Cafe,3.5,1183 S De Anza Blvd,San Jose
matcha-love-san-jose-6,Matcha Love,4,675 Saratoga Ave,San Jose
bambu-sunnyvale-2,BAMBU,3.5,189 W Washington Ave,Sunnyvale
icicles-cupertino,Icicles,4,19622 Stevens Creek Blvd,Cupertino
sunnywich-cafe-sunnyvale,Sunnywich Cafe,4.5,223 East Maude Ave,Sunnyvale
ocha-tea-café-and-restaurant-mountain-view-2,Ocha Tea Café & Restaurant,3.5,1350 Grant Rd,Mountain View
bubble-bay-tea-santa-clara,Bubble Bay Tea,3.5,4300 Great America Pkwy,Santa Clara
jazen-tea-san-jose-4,Jazen Tea,3.5,1089 S De Anza Blvd,San Jose
comebuy-tea-and-coffee-santa-clara,Comebuy Tea & Coffee,3.5,2712 Augustine Dr,Santa Clara
music-tunnel-ktv-cafe-san-jose-2,Music Tunnel KTV Cafe,3.5,1132 S De Anza Blvd,San Jose
jazen-tea-santa-clara-3,Jazen Tea,3.5,3147 Mission College Blvd,Santa Clara
butterfly-santa-clara,Butterfly,4,1000 Lafayette St,Santa Clara
quickly-cupertino,Quickly,3,21265 Stevens Creek Blvd,Cupertino
california-mochi-santa-clara-4,California Mochi,4,3030 El Camino Real,Santa Clara
t4-livermore-livermore-2,T4 Livermore,4,4010 E Ave,Livermore
orange-tea-livermore,Orange Tea,4.5,6033 Northfront Rd,Livermore
big-fat-straw-cafe-livermore-2,Big Fat Straw Cafe,4,980 Murrieta Blvd,Livermore
donut-wheel-livermore,Donut Wheel,4,2017 1st St,Livermore
t4-san-ramon-3,T4,3,11020 Bollinger Canyon Rd,San Ramon
saigon-cafe-livermore,Saigon Cafe,4,2011 2nd St,Livermore
rice-paper-bistro-livermore,Rice Paper Bistro,3.5,1548 N Vasco Rd,Livermore
menchies-frozen-yogurt-livermore,Menchie's Frozen Yogurt,4,973 E Stanley Blvd,Livermore
la-farfalla-bakery-fremont,La Farfalla Bakery,4,39947 Mission Blvd,Fremont
ice3-creamery-fremont,Ice3 Creamery,4,39957 Mission Blvd,Fremont
yogurt-shop-danville,Yogurt Shop,4,3450 Camino Tassajara Rd,Danville
bean-scene-cafe-fremont-2,Bean Scene Cafe,4,4000 Bay St,Fremont
yogurtland-san-ramon,Yogurtland,4,152 Sunset Dr,San Ramon
chilly-and-munch-mountain-view,Chilly & Munch,4.5,2101 Showers Dr,Mountain View
jazen-tea-mountain-view-3,Jazen Tea,3,220 Castro St,Mountain View
t4-palo-alto-2,T4,3.5,165 University Ave,Palo Alto
pearl-cafe-mountain-view,Pearl Cafe,3.5,506A Showers Dr,Mountain View
tapioca-express-mountain-view,Tapioca Express,3,740 Villa St,Mountain View
teaspoon-palo-alto-7,Teaspoon,4.5,2675 Middlefield Rd,Palo Alto
teaspoon-milpitas,Teaspoon,4,201 W Calaveras Blvd,Milpitas
teasociety-milpitas,Teasociety,3.5,55 N Milpitas Blvd,Milpitas
t4-milpitas,T4,3.5,540 Barber Ln,Milpitas
bcute-tea-drinks-and-finger-foods-milpitas-2,BCUTE tea drinks and finger foods,4,200 Serra Way,Milpitas
poke-xpress-milpitas,Poke Xpress,4.5,1236 S Abel St,Milpitas
happy-lemon-milpitas-6,Happy Lemon,4,279 W Calaveras Blvd,Milpitas
yummi-tea-cafe-san-jose-3,Yummi Tea Cafe,4,2191 Morrill Ave,San Jose
sno-crave-tea-house-milpitas,Sno-Crave Tea House,3.5,1777 N Milpitas Blvd,Milpitas
sancha-bar-milpitas,Sancha Bar,3.5,279 Jacklin Rd,Milpitas
chick-and-tea-milpitas-4,Chick & Tea,3.5,1723 N Milpitas Blvd,Milpitas
t4-san-jose,T4,3.5,1671 N Capitol Ave,San Jose
queens-cafe-milpitas,Queen's Cafe,3.5,372 Barber Ln,Milpitas
the-pennywort-san-jose-5,The Pennywort,4,2056 N Capitol Ave,San Jose
bambu-san-jose-9,BAMBU,4,1688 Hostetter Rd,San Jose
black-pearl-san-jose-2,Black Pearl,3,1055 E Brokaw Rd,San Jose
happiness-cafe-san-jose,Happiness Cafe,4.5,1688 Hostetter Rd,San Jose
85-c-bakery-cafe-milpitas-2,85°C Bakery Cafe,3.5,672 Barber Ln,Milpitas
simpletea-milpitas,Simpletea,3.5,1535 Landess Ave,Milpitas
bambu-milpitas-7,BAMBU,3.5,89 S Park Victoria Dr,Milpitas
fantasia-coffee-and-tea-santa-clara,Fantasia Coffee & Tea,3,3969 Rivermark Plz,Santa Clara
shihlin-taiwan-street-snacks-milpitas,Shihlin Taiwan Street Snacks,4,522 Barber Ln,Milpitas
quickly-milpitas-2,Quickly,2.5,1350 S Park Victoria Dr,Milpitas
honeyberry-san-jose-9,Honeyberry,4.5,3655 N 1st St,San Jose
aroma-coffee-and-snacks-milpitas,Aroma Coffee and Snacks,4,1535 Landess Ave,Milpitas
teatime-redwood-city,Teatime,4,1003 El Camino Real,Redwood City
comebuy-drinks-redwood-city,Comebuy Drinks,4,2074 Broadway,Redwood City
teaspoon-redwood-city,Teaspoon,4,2361 Broadway St,Redwood City
davidstea-palo-alto-2,DAVIDsTEA,4.5,318 University Ave,Palo Alto
pokélove-palo-alto,pokéLOVE,3.5,855 El Camino Real,Palo Alto
bare-bowls-palo-alto,Bare Bowls,4,530 Emerson St,Palo Alto
tea-time-palo-alto,Tea Time,3.5,542 Ramona St,Palo Alto
chantal-guillon-macarons-and-teas-palo-alto-2,Chantal Guillon Macarons & Teas,4.5,444 University Ave,Palo Alto
happy-donuts-palo-alto,Happy Donuts,3.5,3916 El Camino Real,Palo Alto
quickly-sunnyvale-4,Quickly,3.5,415 N Mary Ave,Sunnyvale
fraiche-palo-alto-2,Fraiche,4,200 Hamilton Ave,Palo Alto
quickly-redwood-city,Quickly,3,300 Walnut St,Redwood City
coupa-café-palo-alto-3,Coupa Café,3.5,538 Ramona St,Palo Alto
cream-palo-alto-3,CREAM,3.5,440 University Ave,Palo Alto
ohana-express-redwood-city-2,Ohana Express,4,640 Woodside Rd,Redwood City
yogurtland-palo-alto,Yogurtland,4,494 University Ave,Palo Alto
coupa-café-lytton-palo-alto,Coupa Café - Lytton,3.5,111 Lytton Ave,Palo Alto
green-bakery-and-café-los-altos-11,Green Bakery & Café,3.5,692 Fremont Ave,Los Altos
wild-berry-yogurt-menlo-park,Wild Berry Yogurt,3.5,325 Sharon Park Dr,Menlo Park
the-posh-bagel-los-altos,The Posh Bagel,3.5,310 Main St,Los Altos
paris-baguette-palo-alto,Paris Baguette,3.5,383 University Ave,Palo Alto
taza-deli-and-cafe-redwood-city,Taza Deli & Cafe,5,1796 Broadway,Redwood City
rojoz-gourmet-wraps-palo-alto-2,Rojoz Gourmet Wraps,3.5,3906 Middlefield Rd,Palo Alto
froyola-redwood-city,Froyola,4,2206 Broadway St,Redwood City
mr-green-bubble-sunnyvale,Mr. Green Bubble,5,1255 S Mary Ave,Sunnyvale
coupa-cafe-green-library-stanford,Coupa Cafe - Green Library,3.5,571 Escondido Mall,Stanford
dohatsuten-palo-alto,Dohatsuten,3.5,799 San Antonio Rd,Palo Alto
panda-express-mountain-view-2,Panda Express,2,1035 El Monte Ave,Mountain View
nekter-juice-bar-mountain-view,Nekter Juice Bar,3.5,685 San Antonio Rd,Mountain View
green-leaf-asian-bistro-and-cafe-redwood-city-2,Green Leaf Asian Bistro & Cafe,4,865 Middlefield Rd,Redwood City
koma-sushi-restaurant-menlo-park-3,Koma Sushi Restaurant,3.5,211 El Camino Real,Menlo Park
the-axe-and-palm-stanford,The Axe and Palm,2.5,Old Union Stanford University,Stanford
cocohodo-sunnyvale-2,Cocohodo,4,1082 E El Camino Real,Sunnyvale
hotpot-first-sunnyvale,Hotpot First,3.5,1149 N Lawrence Expy,Sunnyvale
bean-scene-sunnyvale,Bean Scene,3.5,186 S Murphy Ave,Sunnyvale
sharetea-santa-clara-7,Sharetea,3.5,2855 Stevens Creek Blvd,Santa Clara
jazen-tea-santa-clara-santa-clara,Jazen Tea Santa Clara,2.5,3484 El Camino Real,Santa Clara
honeyberry-santa-clara,Honeyberry,3.5,3488 El Camino Real,Santa Clara
world-wrapps-2-0-santa-clara,World Wrapps 2.0,4.5,3125 Mission College Blvd,Santa Clara
youji-fresh-rolls-wine-and-tea-santa-clara,Youji Fresh Rolls Wine & Tea,2.5,2855 Stevens Creek Blvd,Santa Clara
frozos-frozen-yogurt-santa-clara,Frozo's Frozen Yogurt,3.5,1000 Lafayette St,Santa Clara
cool-tea-bar-south-san-francisco-4,Cool Tea Bar,3.5,630 El Camino Real,South San Francisco
tiger-tea-and-juice-burlingame-3,Tiger Tea & Juice,4.5,1803 El Camino Real,Burlingame
aqua-club-dessert-and-beverage-san-bruno,Aqua Club Dessert & Beverage,4.5,440 San Mateo Ave,San Bruno
bobabia-san-mateo,Bobabia,4,271 - 273 Baldwin Ave,San Mateo
happy-lemon-burlingame-4,Happy Lemon,4,1419 Burlingame Ave,Burlingame
eggettes-south-san-francisco,Eggettes,4,639 El Camino Real,South San Francisco
tpumps-burlingame,Tpumps,4,1118 Burlingame Ave,Burlingame
teaspoon-san-mateo,Teaspoon,4,128 E 3rd Ave,San Mateo
cha-express-san-mateo,Cha Express,4,212 E 3rd Ave,San Mateo
search-tea-millbrae-5,Search Tea,4,105 Park Blvd,Millbrae
tea-world-pacifica,Tea World,4,90 Eureka Sq,Pacifica
t4-millbrae-10,T4,3.5,315 Broadway,Millbrae
i-tea-burlingame-2,i-Tea,5,346 Lorton Ave,Burlingame
boba-dude-half-moon-bay,Boba Dude,3.5,80 Cabrillo Hwy N,Half Moon Bay
eggettes-millbrae-2,Eggettes,4,979 Broadway,Millbrae
gong-cha-san-mateo-2,Gong Cha,3.5,110 S B St,San Mateo
bambu-south-san-francisco,BAMBU,3.5,2223 Gellert Blvd,South San Francisco
super-cue-cafe-san-mateo-2,Super Cue Cafe,3.5,2986 S Norfolk St,San Mateo
bambu-san-mateo-2,BAMBU,4,153 South B St,San Mateo
eggettes-san-mateo,Eggettes,4,47 S B St,San Mateo
chatime-san-mateo-2,Chatime,3.5,165 E 4th Ave,San Mateo
tpumps-foster-city,Tpumps,4,985 E Hillsdale Blvd,Foster City
creme-brewlee-san-mateo-2,Creme Brewlee,4,2948 S Norfolk St,San Mateo
chatime-foster-city,Chatime,3.5,969A Edgewater Blvd,Foster City
quickly-san-mateo,Quickly,3.5,142 E 3rd Ave,San Mateo
fresh-nation-desserts-san-mateo-2,Fresh Nation Desserts,3,30 E 3rd Ave,San Mateo
ya-ua-yogurt-and-boba-tea-belmont-2,Ya-Ua Yogurt & Boba Tea,4,1090 Alameda De Las Pulgas,Belmont
snacks-san-mateo-2,Snacks,4.5,31 N B St,San Mateo
dessert-republic-san-mateo,Dessert Republic,3.5,138 Main St,San Mateo
mints-and-honey-san-carlos,Mints & Honey,4.5,1524 El Camino Real,San Carlos
bambu-millbrae-2,BAMBU,4.5,203 El Camino Real,Millbrae
icicles-san-mateo,ICICLES,4,222 E 3rd Ave,San Mateo
kingkat-bar-and-eatery-san-mateo-2,KingKat Bar & Eatery,4.5,33 W 25th Ave,San Mateo
quickly-burlingame-2,Quickly,3.5,1407 Burlingame Ave,Burlingame
antoines-cookie-shop-san-mateo-3,Antoine's Cookie Shop,4.5,220 2nd Ave,San Mateo
quickly-foster-city-3,Quickly,3,969k Edgewater Blvd,Foster City
moo-moo-yogurt-foster-city,Moo Moo Yogurt,4,969F Edgewater Blvd,Foster City
clear-optometry-san-mateo,Clear Optometry,4,138 E 3rd Ave,San Mateo
boiling-point-san-mateo,Boiling Point,3,111 E 4th Ave,San Mateo
cream-san-mateo,CREAM,4,134 S B St,San Mateo
poke-island-creasian-kitchen-san-mateo,Poke Island CreAsian Kitchen,4,43 S B St,San Mateo
waterfront-cafe-burlingame,Waterfront Cafe,5,500 Airport Blvd,Burlingame
never-too-latte-san-bruno-2,Never Too Latte,3.5,486 San Mateo Ave,San Bruno
jougert-bar-burlingame,Jougert Bar,4.5,1115 Burlingame Ave,Burlingame
mini-coffee-san-mateo-2,Mini Coffee,4,800 S B St,San Mateo
sweet-indulgence-millbrae-3,Sweet Indulgence,3,298 Broadway,Millbrae
ramen-dojo-san-mateo,Ramen Dojo,4,805 S B St,San Mateo
quickly-millbrae-4,Quickly,4.5,325 El Camino Real,Millbrae
bobo-drinks-fairfield-2,Bobo Drinks,3.5,1305 Gateway Blvd,Fairfield
t4-tea-for-u-fairfield,T4 Tea For U,3,2700 N Texas St,Fairfield
peace-love-and-boba-vacaville,Peace Love & Boba,4,3083 Alamo Dr,Vacaville
halo-halo-bar-and-boba-station-suisun-city,Halo Halo Bar & Boba Station,4,303 Lawler Ctr Dr,Suisun City
quickly-fairfield-3,Quickly,2.5,1350 Travis Blvd,Fairfield
tutti-frutti-fairfield-2,Tutti Frutti,4,3334 N Texas St,Fairfield
sharetea-concord-3,Sharetea,4,1850 Mount Diablo St,Concord
i-tea-pittsburg,i-Tea,4,2121 Loveridge Rd,Pittsburg
quickly-vallejo-12,Quickly,3.5,145 Plaza Dr,Vallejo
teazentea-brentwood-3,TeaZenTea,4.5,1135 2nd St,Brentwood
quickly-vacaville,Quickly,2.5,1667 E Monte Vista Ave,Vacaville
mandro-teahouse-davis,MandRo Teahouse,4,1260 Lake Blvd,Davis
tapioca-express-vallejo,Tapioca Express,3,3720 Sonoma Blvd,Vallejo
okashi-fusion-vacaville,Okashi Fusion,4.5,1679 E Monte Vista Ave,Vacaville
cafe-tapioca-hercules,Cafe Tapioca,4,1581 Sycamore Ave,Hercules
pho-saigon-no-1-vietnamese-restaurant-fairfield-2,Pho Saigon No 1 Vietnamese Restaurant,4,1972 N Texas St,Fairfield
ontap-davis,OnTap,4,825 Russell Blvd,Davis
t4-antioch-12,T4,4,4532 Lone Tree Way,Antioch
bobaloca-concord-4,Bobaloca,3.5,1843 Willow Pass Rd,Concord
teabo-café-davis,Teabo Café,3.5,2191 Cowell Blvd,Davis
lazi-cow-davis,Lazi Cow,3.5,407 G St,Davis
t4-san-pablo-3,T4,4,13350 San Pablo Ave,San Pablo
t4-concord-concord,T4 - Concord,3.5,2151 Salvio St,Concord
dragon-snow-el-sobrante,Dragon Snow,3.5,3550 San Pablo Dam Rd,El Sobrante
cj-fusion-fairfield,CJ Fusion,3.5,201 Travis Blvd,Fairfield
gong-cha-davis,Gong Cha,3.5,1411 W Covell Blvd,Davis
suisun-seafood-center-suisun-city,Suisun Seafood Center,3.5,303 Lawler Center Dr,Suisun City
teaone-davis,TeaOne,3.5,213 E St,Davis
quickly-brentwood-brentwood,Quickly Brentwood,4.5,2415 Empire Ave,Brentwood
t4-davis-3,T4,4,132 E St,Davis
bangkok-paradise-fairfield,Bangkok Paradise,4,3344 N Texas St,Fairfield
easel-davis-2,Easel,4.5,620 W Covell Blvd,Davis
sharetea-davis-davis-2,Sharetea Davis,3.5,207 3rd St,Davis
the-old-teahouse-davis-3,The Old Teahouse,4,825 Russell Blvd,Davis
pho-lee-hoa-phat-fairfield,Pho Lee Hoa Phat,3.5,870 E Travis,Fairfield
skyview-noodle-and-tea-pittsburg-3,Skyview Noodle & Tea,4.5,200 E 3rd St,Pittsburg
noodle-house-fairfield-2,Noodle House,3,1305 Gateway Blvd,Fairfield
sisig-suisun-city-3,SISIG,3,303 Lawler Center Dr,Suisun City
rrags-caffe-benicia,Rrags Caffe,4.5,1383 E 2nd St,Benicia
yumygurt-pinole,Yumygurt,4,2701 Pinole Valley Rd,Pinole
vampire-penguin-brentwood-2,Vampire Penguin,3,2545 Sand Creek Rd,Brentwood
going-green-martinez,Going Green,4.5,1160 Arnold Dr,Martinez
quickly-antioch-2,Quickly,3.5,212 E 18th St,Antioch
pho-lee-hoa-phat-vacaville,Pho Lee Hoa Phat,3.5,88 Peabody Rd,Vacaville
ice-monster-walnut-creek,Ice Monster,4,2230 Oak Grove Rd,Walnut Creek
t4-walnut-creek,T4,3.5,1815 Ygnacio Valley Rd,Walnut Creek
chalogy-tea-bar-walnut-creek-4,CHALOGY Tea Bar,3.5,1349 Locust St,Walnut Creek
mr-green-bubble-walnut-creek-2,Mr. Green Bubble,3.5,1539 Locust St,Walnut Creek
cool-tea-bar-danville-4,Cool Tea Bar,4,251 Hartz Ave,Danville
quickly-concord-5,Quickly,3,4115 Concord Blvd,Concord
quickly-concord,Quickly,2.5,1657 Willow Pass Rd,Concord
t4-and-poke-walnut-creek,T4 And Poke,3.5,1385C N Main St,Walnut Creek
i-tea-moraga-3,i-Tea,4.5,1460 Moraga Rd,Moraga
panache-caffe-lafayette,Panache Caffe,4,3653 Mt Diablo Blvd,Lafayette
coco-swirl-pleasant-hill,Coco Swirl,4,35 Crescent Dr,Pleasant Hill
surf-city-squeeze-concord,Surf City Squeeze,3.5,282 Sun Valley Mall,Concord
hello-pho-concord,Hello Pho,4,1701 Monument Blvd,Concord
harvest-house-concord,Harvest House,4,2395 Monument Blvd,Concord
i-love-teriyaki-and-sushi-concord-2,I Love Teriyaki & Sushi,3.5,1950 Salvio St,Concord
cornology-walnut-creek-3,Cornology,4.5,1349 Locust St,Walnut Creek
saigon-bistro-concord,Saigon Bistro,3.5,1701 Willow Pass Rd,Concord
99-ranch-market-concord-2,99 Ranch Market,3.5,1795 Willow Pass Rd,Concord
double-rainbow-cafe-benicia,Double Rainbow Cafe,3.5,560 1st St,Benicia
blue-saigon-pittsburg,Blue Saigon,4.5,2243 Railroad Ave,Pittsburg
jollibee-concord,Jollibee,3,2030 Diamond Blvd,Concord
pho-huynh-hiep-5-kevins-noodle-house-concord,Pho Huynh Hiep 5 - Kevin's Noodle House,3.5,1833 Willow Pass Rd,Concord
pho-lee-hoa-phat-pleasant-hill,Pho Lee Hoa Phat,3.5,508 Contra Costa Blvd,Pleasant Hill
pho-huynh-hiep-6-kevins-noodle-house-walnut-creek,Pho Huynh Hiep 6 - Kevin's Noodle House,4,2034 N Main St,Walnut Creek
smitten-ice-cream-lafayette,Smitten Ice Cream,3.5,3545 Mt Diablo Blvd,Lafayette
aung-maylika-benicia-4,Aung Maylika,4.5,836 Southampton Rd,Benicia
izzyas-frozen-custard-lafayette-2,IzzyA's Frozen Custard,4.5,,Lafayette
yogurtland-pleasant-hill,Yogurtland,4,2390 Monument Blvd,Pleasant Hill
golden-bakery-pittsburg,Golden Bakery,5,2229 Railroad Ave,Pittsburg
tutti-frutti-montclair-oakland,Tutti Frutti Montclair,4,2066 Mountain Blvd,Oakland
tangelo-frozen-yogurt-moraga,Tangelo Frozen Yogurt,4.5,384 Park St,Moraga
surf-city-squeeze-antioch,Surf City Squeeze,3.5,2556 Somersville Rd,Antioch
lv-vietnamese-pho-and-sandwiches-vallejo,LV Vietnamese Pho and Sandwiches,4,2621 Springs Rd,Vallejo
korea-house-concord,Korea House,4,1835 Willow Pass Rd,Concord
yo-sushi-martinez,Yo Sushi,3.5,1029 Arnold Dr,Martinez
lulus-kitchen-concord,Lulu's Kitchen,4,1657 Willow Pass Rd,Concord
pho-hoa-an-pleasant-hill,Pho Hoa An,3,1617 Contra Costa Blvd,Pleasant Hill
saigon-bistro-restaurant-pittsburg,Saigon Bistro Restaurant,3.5,4285 Century Blvd,Pittsburg
pho-lee-hoa-phat-pittsburg-5,Pho Lee Hoa Phat,3.5,140 E Leland Rd,Pittsburg
viet-nam-noodle-house-antioch-4,Viet Nam Noodle House,4,3676 Delta Fair Blvd,Antioch
little-hearty-noodle-moraga-2,Little Hearty Noodle,3.5,578 Center St,Moraga
bubble-loca-richmond,Bubble Loca,3.5,3288 Pierce St,Richmond
ten-ren-tea-co-richmond,Ten Ren Tea Co,4,3288 Pierce St,Richmond
tala-coffee-and-tea-el-cerrito-2,Tala Coffee & Tea,3.5,10734 San Pablo Ave,El Cerrito
sharetea-san-rafael-3,Sharetea,3.5,967 Grand Ave,San Rafael
tpartea-boba-drinks-and-banh-mi-san-rafael-3,TPartea Boba Drinks And Banh Mi,3.5,5800 Northgate Dr,San Rafael
sunny-day-sweet-house-richmond,Sunny Day Sweet House,3.5,3288 Pierce St,Richmond
aloha-pure-water-shaved-ice-san-pablo,Aloha Pure Water Shaved Ice,4.5,2300 El Portal Dr,San Pablo
world-wrapps-corte-madera-7,World Wrapps,4.5,208 Corte Madera Town Ctr,Corte Madera
quickly-el-cerrito,Quickly,3,3080 El Cerrito Plz,El Cerrito
tay-tah-cafe-albany,Tay Tah Cafe,3.5,1182 Solano Ave,Albany
sweetheart-cafe-berkeley,Sweetheart Cafe,3.5,2523 Durant Ave,Berkeley
teaone-berkeley-berkeley,TeaOne Berkeley,3.5,2380 Telegraph Ave,Berkeley
quickly-kobe-bento-richmond-2,Quickly - Kobe Bento,2,3288 Pierce St,Richmond
quickly-san-rafael,Quickly,3,1128 4th St,San Rafael
sivans-cafe-hayward,Sivan's Cafe,4.5,766 A St,Hayward
honey-bear-smoothie-tea-and-dessert-hayward,Honey Bear Smoothie Tea & Dessert,5,1 Southland Mall Dr,Hayward
sharetea-san-ramon,Sharetea,4,2441 San Ramon Valley Blvd,San Ramon
t4-castro-valley,T4,3.5,18911 Lake Chabot Rd,Castro Valley
quickly-hayward,Quickly,2.5,25034 Hesperian Blvd,Hayward
8-twelve-oriental-market-san-leandro,8-Twelve Oriental Market,4,596 E 14th St,San Leandro
polaris-ice-cream-rolls-hayward,Polaris Ice Cream Rolls,4,595 Southland Mall,Hayward
milkcow-castro-valley,Milkcow,3.5,3223 Castro Valley Blvd,Castro Valley
satori-tea-company-saratoga,Satori Tea Company,3.5,14482 Big Basin Way,Saratoga
creative-sips-san-jose,Creative Sips,4,,San Jose
saratoga-bagels-saratoga,Saratoga Bagels,4.5,12840 Saratoga Sunnyvale Rd,Saratoga
snowflake-san-jose,Snowflake,3.5,4306 Moorpark Ave,San Jose
steepers-campbell,Steepers,4.5,346 E Campbell Ave,Campbell
yodo-yogurt-campbell,YoDo Yogurt,3.5,2475 S Winchester Blvd,Campbell
caffé-central-santa-clara,Caffé Central,2.5,2855 Stevens Creek Blvd,Santa Clara
bar-code-santa-clara,Bar Code,3,2855 Stevens Crk Blvd,Santa Clara
jovie-coffee-and-pho-campbell,Jovie Coffee & Pho,3.5,136 N San Tomas Aquino,Campbell
tous-les-jours-santa-clara,Tous Les Jours,3.5,3535 Homestead Rd,Santa Clara
menchies-frozen-yogurt-vallejo,Menchie's Frozen Yogurt,4.5,972 Admiral Callaghan Ln,Vallejo
starbread-bakery-vallejo,Starbread Bakery,4.5,3718 Sonoma Blvd,Vallejo
pho-1-vallejo,Pho #1,4,3885 Sonoma Blvd,Vallejo
sunshine-bakery-vallejo-3,Sunshine Bakery,3,3570 Sonoma Blvd,Vallejo
original-red-onion-vallejo-2,Original Red Onion,3,1321 Springs Rd,Vallejo
yo-sushi-vallejo-2,Yo Sushi,3.5,114 Robles Way,Vallejo
midori-japanese-cuisine-vallejo,Midori Japanese Cuisine,3.5,3440 Sonoma Blvd,Vallejo
pho-lee-hoa-phat-vallejo-2,Pho Lee Hoa Phat,3,102 Springstowne Ctr,Vallejo
pho-saigon-village-noodle-house-vallejo,Pho Saigon Village Noodle House,4.5,3636 Sonoma Blvd,Vallejo
pho-lee-hoa-phat-2-vallejo-3,Pho Lee Hoa Phat 2,3,3495 Sonoma Blvd,Vallejo
chowking-vallejo,Chowking,3,3495 Sonoma Blvd,Vallejo
tacos-jalisco-vallejo,Tacos Jalisco,4,3420 Sonoma Blvd,Vallejo
menchies-frozen-yogurt-belmont-2,Menchie's Frozen Yogurt,4,1200 El Camino Real,Belmont
fashion-wok-foster-city,Fashion Wok,4,929 A Edgewater Blvd,Foster City
pho-new-saigon-foster-city,Pho New Saigon,3.5,1088 Foster City Blvd,Foster City
hongry-kong-belmont-2,Hongry Kong,3.5,,Belmont
marina-food-san-mateo,Marina Food,3,2992 S Norfolk St,San Mateo
cooking-papa-restaurant-foster-city,Cooking Papa Restaurant,3.5,949A Edgewater Blvd,Foster City
sheng-kee-bakery-san-mateo-2,Sheng Kee Bakery,3,2964 S Norfolk St,San Mateo
eat-on-monday-mountain-view-3,Eat On Monday,4.5,,Mountain View
pho-little-saigon-san-mateo,Pho Little Saigon,3,2978 S Norfolk St,San Mateo
myung-dong-tofu-cabin-san-mateo,Myung Dong Tofu Cabin,3.5,2968 S Norfolk St,San Mateo
bagel-street-cafe-redwood-city,Bagel Street Cafe,3,254 Redwood Shores Pkwy,Redwood City
east-14th-bakery-and-cafe-san-leandro-3,East 14th Bakery & Cafe,3.5,1780 E 14th St,San Leandro
tapioca-express-san-leandro,Tapioca Express,3.5,129 W Joaquin Ave,San Leandro
quickly-san-leandro,Quickly,2.5,15251 Hesperian Blvd,San Leandro
sweethoney-dessert-san-leandro-3,Sweethoney Dessert,3.5,1423 E 14th St,San Leandro
hanoi-chicken-noodle-san-leandro,Hanoi Chicken Noodle,3.5,13720 Doolittle Dr,San Leandro
loving-tea-san-leandro,Loving Tea,2,1338 Fairmont Dr,San Leandro
cafe-sorriso-san-leandro,Cafe Sorriso,4,1501 Washington Ave,San Leandro
d-t-dim-sum-and-tea-san-leandro,D T Dim Sum & Tea,3.5,1970 Lewelling Blvd,San Leandro
milk-and-cookie-bar-castro-valley-3,Milk & Cookie Bar,4.5,18911 Lake Chabot Rd,Castro Valley
sweet-dee-cupcakes-and-snow-ice-san-leandro,Sweet Dee Cupcakes & Snow Ice,4,109 Pelton Ctr Way,San Leandro
quickly-san-lorenzo,Quickly,3.5,17940 Hesperian Blvd,San Lorenzo
tapioca-express-alameda,Tapioca Express,3.5,2306 Encinal Ave,Alameda
leisure-cafe-san-leandro-2,Leisure Cafe,2.5,1443 E 14th St,San Leandro
quickly-castro-valley,Quickly,3,20893 Redwood Rd,Castro Valley
china-kitchen-express-san-leandro,China Kitchen Express,2,13780 E 14th St,San Leandro
pho-an-hoa-san-leandro,Pho An Hoa,3.5,14391 Washington Ave,San Leandro
tuttimelon-alameda,Tuttimelon,3.5,2402 Central Ave,Alameda
banh-mi-ba-le-oakland,Banh Mi Ba Le,4.5,1909 International Blvd,Oakland
pokeatery-castro-valley,Pokeatery,4.5,18911 Lake Chabot Rd,Castro Valley
hot-spot-alameda,Hot Spot,3.5,2321 Santa Clara Ave,Alameda
worlds-fare-donuts-hayward,World's Fare Donuts,4.5,20770 Hesperian Blvd,Hayward
taqueria-los-pericos-san-leandro,Taqueria Los Pericos,4,1389 E 14th St,San Leandro
pho-anh-ha-san-leandro,Pho Anh-Ha,3.5,2089 E 14th St,San Leandro
craw-station-san-leandro,Craw Station,3.5,15040 Farnsworth St,San Leandro
r-and-d-cafe-san-lorenzo,R & D Cafe,4,15813 Channel St,San Lorenzo
munch-hayward,Munch,4,27560 Tampa Ave,Hayward
foodnet-supermarket-san-leandro-2,Foodnet Supermarket,3.5,1960 Lewelling Blvd,San Leandro
yo-bowl-hayward,Yo Bowl,4,8 Southland Mall,Hayward
yogurt-hill-hayward-4,Yogurt Hill,4,1081 B St,Hayward
alohana-hawaiian-grill-san-leandro,Alohana Hawaiian Grill,3,15555 E 14th St,San Leandro